{
    "returnValue": true,
    "spaceInfo": {
        "totalSize": 996024.000000,
        "usedSize": 90424.000000,
        "freeSize": 905600.000000,
        "usedRate": 9
    }
}